{
  "Account" : {
    "transaction" : "Account",
    "sampleCount" : 45473,
    "errorCount" : 0,
    "errorPct" : 0.0,
    "meanResTime" : 6.338992369098141,
    "medianResTime" : 5.0,
    "minResTime" : 3.0,
    "maxResTime" : 193.0,
    "pct1ResTime" : 8.0,
    "pct2ResTime" : 12.0,
    "pct3ResTime" : 15.0,
    "throughput" : 254.17116155320923,
    "receivedKBytesPerSec" : 2853.0518114421875,
    "sentKBytesPerSec" : 88.61240690868719
  },
  "Register Page" : {
    "transaction" : "Register Page",
    "sampleCount" : 3395,
    "errorCount" : 0,
    "errorPct" : 0.0,
    "meanResTime" : 1.014432989690719,
    "medianResTime" : 1.0,
    "minResTime" : 0.0,
    "maxResTime" : 101.0,
    "pct1ResTime" : 1.0,
    "pct2ResTime" : 2.0,
    "pct3ResTime" : 6.0,
    "throughput" : 19.127191598683915,
    "receivedKBytesPerSec" : 105.7972785302204,
    "sentKBytesPerSec" : 6.533344853545995
  },
  "Update Profile" : {
    "transaction" : "Update Profile",
    "sampleCount" : 6583,
    "errorCount" : 0,
    "errorPct" : 0.0,
    "meanResTime" : 13.705605347106193,
    "medianResTime" : 13.0,
    "minResTime" : 5.0,
    "maxResTime" : 303.0,
    "pct1ResTime" : 18.0,
    "pct2ResTime" : 21.0,
    "pct3ResTime" : 30.0,
    "throughput" : 36.93003321066331,
    "receivedKBytesPerSec" : 413.3638690633134,
    "sentKBytesPerSec" : 17.108870327296135
  },
  "Sell" : {
    "transaction" : "Sell",
    "sampleCount" : 8082,
    "errorCount" : 7,
    "errorPct" : 0.086612225,
    "meanResTime" : 56.27852016827506,
    "medianResTime" : 54.0,
    "minResTime" : 5.0,
    "maxResTime" : 285.0,
    "pct1ResTime" : 68.0,
    "pct2ResTime" : 74.0,
    "pct3ResTime" : 86.0,
    "throughput" : 45.25854827690481,
    "receivedKBytesPerSec" : 262.39633477402924,
    "sentKBytesPerSec" : 16.353186389115997
  },
  "Register" : {
    "transaction" : "Register",
    "sampleCount" : 3395,
    "errorCount" : 0,
    "errorPct" : 0.0,
    "meanResTime" : 29.07835051546391,
    "medianResTime" : 27.0,
    "minResTime" : 17.0,
    "maxResTime" : 265.0,
    "pct1ResTime" : 36.0,
    "pct2ResTime" : 40.0,
    "pct3ResTime" : 50.0,
    "throughput" : 19.135708528495012,
    "receivedKBytesPerSec" : 267.34980520821006,
    "sentKBytesPerSec" : 10.471253151121369
  },
  "Total" : {
    "transaction" : "Total",
    "sampleCount" : 375099,
    "errorCount" : 7,
    "errorPct" : 0.001866174,
    "meanResTime" : 21.87661390726189,
    "medianResTime" : 5.0,
    "minResTime" : 0.0,
    "maxResTime" : 1617.0,
    "pct1ResTime" : 62.0,
    "pct2ResTime" : 104.0,
    "pct3ResTime" : 159.0,
    "throughput" : 2084.0570047503957,
    "receivedKBytesPerSec" : 32986.381129634065,
    "sentKBytesPerSec" : 753.1297041680556
  },
  "Portfolio" : {
    "transaction" : "Portfolio",
    "sampleCount" : 67883,
    "errorCount" : 0,
    "errorPct" : 0.0,
    "meanResTime" : 83.20698849490934,
    "medianResTime" : 67.0,
    "minResTime" : 2.0,
    "maxResTime" : 1617.0,
    "pct1ResTime" : 147.0,
    "pct2ResTime" : 169.0,
    "pct3ResTime" : 229.0,
    "throughput" : 379.3511972952584,
    "receivedKBytesPerSec" : 17658.101755034717,
    "sentKBytesPerSec" : 132.99519514550562
  },
  "Logout" : {
    "transaction" : "Logout",
    "sampleCount" : 15017,
    "errorCount" : 0,
    "errorPct" : 0.0,
    "meanResTime" : 8.973763068522334,
    "medianResTime" : 8.0,
    "minResTime" : 4.0,
    "maxResTime" : 274.0,
    "pct1ResTime" : 12.0,
    "pct2ResTime" : 15.0,
    "pct3ResTime" : 20.0,
    "throughput" : 84.07468577667049,
    "receivedKBytesPerSec" : 350.7490797245472,
    "sentKBytesPerSec" : 29.2290899770456
  },
  "Buy" : {
    "transaction" : "Buy",
    "sampleCount" : 8307,
    "errorCount" : 0,
    "errorPct" : 0.0,
    "meanResTime" : 49.51871915252198,
    "medianResTime" : 47.0,
    "minResTime" : 30.0,
    "maxResTime" : 342.0,
    "pct1ResTime" : 60.0,
    "pct2ResTime" : 65.0,
    "pct3ResTime" : 78.0,
    "throughput" : 46.49275492100093,
    "receivedKBytesPerSec" : 268.3304705033777,
    "sentKBytesPerSec" : 17.269551297971713
  },
  "Quotes" : {
    "transaction" : "Quotes",
    "sampleCount" : 143693,
    "errorCount" : 0,
    "errorPct" : 0.0,
    "meanResTime" : 2.7688196363079727,
    "medianResTime" : 2.0,
    "minResTime" : 1.0,
    "maxResTime" : 295.0,
    "pct1ResTime" : 3.0,
    "pct2ResTime" : 6.0,
    "pct3ResTime" : 10.0,
    "throughput" : 803.1714801544937,
    "receivedKBytesPerSec" : 5271.176297688883,
    "sentKBytesPerSec" : 290.95244840894986
  },
  "Login" : {
    "transaction" : "Login",
    "sampleCount" : 11671,
    "errorCount" : 0,
    "errorPct" : 0.0,
    "meanResTime" : 21.393111130151564,
    "medianResTime" : 16.0,
    "minResTime" : 10.0,
    "maxResTime" : 1032.0,
    "pct1ResTime" : 22.0,
    "pct2ResTime" : 25.0,
    "pct3ResTime" : 40.0,
    "throughput" : 64.86231139022425,
    "receivedKBytesPerSec" : 908.7928399057298,
    "sentKBytesPerSec" : 29.217842554255704
  },
  "Home" : {
    "transaction" : "Home",
    "sampleCount" : 61600,
    "errorCount" : 0,
    "errorPct" : 0.0,
    "meanResTime" : 6.9548863636363825,
    "medianResTime" : 6.0,
    "minResTime" : 3.0,
    "maxResTime" : 282.0,
    "pct1ResTime" : 7.0,
    "pct2ResTime" : 12.0,
    "pct3ResTime" : 14.0,
    "throughput" : 344.3225900213525,
    "receivedKBytesPerSec" : 4823.169483807826,
    "sentKBytesPerSec" : 119.03339537847538
  }
}