{
  "Account" : {
    "transaction" : "Account",
    "sampleCount" : 43576,
    "errorCount" : 0,
    "errorPct" : 0.0,
    "meanResTime" : 6.482995226730339,
    "medianResTime" : 6.0,
    "minResTime" : 3.0,
    "maxResTime" : 279.0,
    "pct1ResTime" : 7.0,
    "pct2ResTime" : 12.0,
    "pct3ResTime" : 15.0,
    "throughput" : 243.61146051712092,
    "receivedKBytesPerSec" : 2735.029568483578,
    "sentKBytesPerSec" : 84.93094863731656
  },
  "Register Page" : {
    "transaction" : "Register Page",
    "sampleCount" : 3277,
    "errorCount" : 0,
    "errorPct" : 0.0,
    "meanResTime" : 1.1583765639304209,
    "medianResTime" : 1.0,
    "minResTime" : 0.0,
    "maxResTime" : 261.0,
    "pct1ResTime" : 2.0,
    "pct2ResTime" : 2.0,
    "pct3ResTime" : 4.0,
    "throughput" : 18.428230001405876,
    "receivedKBytesPerSec" : 101.93114719527627,
    "sentKBytesPerSec" : 6.289007582946717
  },
  "Update Profile" : {
    "transaction" : "Update Profile",
    "sampleCount" : 6326,
    "errorCount" : 0,
    "errorPct" : 0.0,
    "meanResTime" : 14.122826430603904,
    "medianResTime" : 14.0,
    "minResTime" : 5.0,
    "maxResTime" : 218.0,
    "pct1ResTime" : 19.0,
    "pct2ResTime" : 22.0,
    "pct3ResTime" : 31.0,
    "throughput" : 35.53154084217503,
    "receivedKBytesPerSec" : 397.6468935089363,
    "sentKBytesPerSec" : 16.461050580912048
  },
  "Sell" : {
    "transaction" : "Sell",
    "sampleCount" : 7777,
    "errorCount" : 7,
    "errorPct" : 0.090009004,
    "meanResTime" : 58.94097981226702,
    "medianResTime" : 56.0,
    "minResTime" : 6.0,
    "maxResTime" : 404.0,
    "pct1ResTime" : 71.0,
    "pct2ResTime" : 77.0,
    "pct3ResTime" : 88.0,
    "throughput" : 43.52132696117385,
    "receivedKBytesPerSec" : 252.0967779591089,
    "sentKBytesPerSec" : 15.725479468392896
  },
  "Register" : {
    "transaction" : "Register",
    "sampleCount" : 3277,
    "errorCount" : 0,
    "errorPct" : 0.0,
    "meanResTime" : 30.29813854134884,
    "medianResTime" : 29.0,
    "minResTime" : 18.0,
    "maxResTime" : 302.0,
    "pct1ResTime" : 38.0,
    "pct2ResTime" : 41.0,
    "pct3ResTime" : 54.4399999999996,
    "throughput" : 18.436420510166194,
    "receivedKBytesPerSec" : 257.57499905061155,
    "sentKBytesPerSec" : 10.082867986480707
  },
  "Total" : {
    "transaction" : "Total",
    "sampleCount" : 359392,
    "errorCount" : 7,
    "errorPct" : 0.0019477339,
    "meanResTime" : 21.315861232303607,
    "medianResTime" : 6.0,
    "minResTime" : 0.0,
    "maxResTime" : 1496.0,
    "pct1ResTime" : 66.0,
    "pct2ResTime" : 105.0,
    "pct3ResTime" : 172.0,
    "throughput" : 1996.8995693846368,
    "receivedKBytesPerSec" : 30875.900390896306,
    "sentKBytesPerSec" : 721.629713111196
  },
  "Portfolio" : {
    "transaction" : "Portfolio",
    "sampleCount" : 65201,
    "errorCount" : 0,
    "errorPct" : 0.0,
    "meanResTime" : 78.58529777150657,
    "medianResTime" : 66.0,
    "minResTime" : 2.0,
    "maxResTime" : 1496.0,
    "pct1ResTime" : 155.0,
    "pct2ResTime" : 172.0,
    "pct3ResTime" : 202.0,
    "throughput" : 364.3409553186258,
    "receivedKBytesPerSec" : 16185.370788594684,
    "sentKBytesPerSec" : 127.73281539002605
  },
  "Logout" : {
    "transaction" : "Logout",
    "sampleCount" : 14444,
    "errorCount" : 0,
    "errorPct" : 0.0,
    "meanResTime" : 9.374480753253938,
    "medianResTime" : 8.0,
    "minResTime" : 4.0,
    "maxResTime" : 239.0,
    "pct1ResTime" : 13.0,
    "pct2ResTime" : 16.0,
    "pct3ResTime" : 21.0,
    "throughput" : 80.86485760193484,
    "receivedKBytesPerSec" : 337.3580778080719,
    "sentKBytesPerSec" : 28.11317315067266
  },
  "Buy" : {
    "transaction" : "Buy",
    "sampleCount" : 7956,
    "errorCount" : 0,
    "errorPct" : 0.0,
    "meanResTime" : 51.70085470085482,
    "medianResTime" : 49.0,
    "minResTime" : 28.0,
    "maxResTime" : 335.0,
    "pct1ResTime" : 63.0,
    "pct2ResTime" : 68.0,
    "pct3ResTime" : 79.0,
    "throughput" : 44.54397850064386,
    "receivedKBytesPerSec" : 257.2777662837327,
    "sentKBytesPerSec" : 16.545197331126474
  },
  "Quotes" : {
    "transaction" : "Quotes",
    "sampleCount" : 137284,
    "errorCount" : 0,
    "errorPct" : 0.0,
    "meanResTime" : 2.8321508697299436,
    "medianResTime" : 2.0,
    "minResTime" : 1.0,
    "maxResTime" : 351.0,
    "pct1ResTime" : 4.0,
    "pct2ResTime" : 6.0,
    "pct3ResTime" : 11.0,
    "throughput" : 767.2583385495841,
    "receivedKBytesPerSec" : 5035.258524684161,
    "sentKBytesPerSec" : 277.942563663876
  },
  "Login" : {
    "transaction" : "Login",
    "sampleCount" : 11215,
    "errorCount" : 0,
    "errorPct" : 0.0,
    "meanResTime" : 22.294427106553705,
    "medianResTime" : 16.0,
    "minResTime" : 10.0,
    "maxResTime" : 1019.0,
    "pct1ResTime" : 23.0,
    "pct2ResTime" : 26.0,
    "pct3ResTime" : 46.840000000000146,
    "throughput" : 62.322521130752264,
    "receivedKBytesPerSec" : 873.0189322805236,
    "sentKBytesPerSec" : 28.053014258048027
  },
  "Home" : {
    "transaction" : "Home",
    "sampleCount" : 59059,
    "errorCount" : 0,
    "errorPct" : 0.0,
    "meanResTime" : 7.078023671244017,
    "medianResTime" : 6.0,
    "minResTime" : 4.0,
    "maxResTime" : 271.0,
    "pct1ResTime" : 10.0,
    "pct2ResTime" : 13.0,
    "pct3ResTime" : 17.0,
    "throughput" : 330.0916067226703,
    "receivedKBytesPerSec" : 4623.253036193109,
    "sentKBytesPerSec" : 114.11369998029812
  }
}